DATA:,NODE #93

FROM:,2019-02-14 09:49:36
TO:,2019-09-10 09:49:36

SENSOR:,Soil moisture,%
VALUE, TIMESTAMP
7.2,2019-02-14 18:43:08
7.2,2019-02-14 21:41:43
7.2,2019-02-15 00:40:21
7.2,2019-02-15 03:38:55
7.2,2019-02-15 06:37:30
7.2,2019-02-15 09:36:10
7.2,2019-02-15 12:34:44
20.6,2019-02-15 15:33:17
19.1,2019-02-15 18:31:53
18.2,2019-02-15 21:30:36
17.1,2019-02-16 00:29:05
16,2019-02-16 03:27:40
15.1,2019-02-16 06:26:15
14.7,2019-02-16 09:24:51
14.3,2019-02-16 12:23:31
14.3,2019-02-16 15:22:10
13.5,2019-02-16 18:20:45
13.5,2019-02-16 21:19:18
12.8,2019-02-17 00:17:50
12.7,2019-02-17 03:16:28
12.7,2019-02-17 06:15:11
12.7,2019-02-17 06:17:11
12.7,2019-02-17 12:12:13
12.7,2019-02-17 12:23:42
12.7,2019-02-17 15:10:49
12.7,2019-02-17 18:09:29
12.7,2019-02-17 21:08:07
12.3,2019-02-18 00:06:40
11.9,2019-02-18 03:05:21
11.9,2019-02-18 03:07:21
11.9,2019-02-18 06:03:47
11.9,2019-02-18 09:02:24
11.9,2019-02-18 12:00:58
11.9,2019-02-18 14:59:34
11.9,2019-02-18 17:58:10
11.9,2019-02-18 20:56:46
11.9,2019-02-18 23:55:25
11.9,2019-02-19 02:54:41
11.9,2019-02-19 05:52:40
11.9,2019-02-19 08:51:14
11.9,2019-02-19 11:49:45
11.9,2019-02-19 14:48:22
11.9,2019-02-19 17:47:01
11.9,2019-02-19 20:45:32
11.1,2019-02-19 23:44:07
11.1,2019-02-20 02:42:48
11.1,2019-02-20 05:41:20
11.1,2019-02-20 08:39:55
11.1,2019-02-20 11:38:34
11.1,2019-02-20 14:37:11
11.1,2019-02-20 17:35:43
11.1,2019-02-20 20:34:22
11.1,2019-02-20 23:32:53
11.1,2019-02-21 02:31:32
11.1,2019-02-21 05:30:13
11.1,2019-02-21 05:32:14
11.1,2019-02-21 08:28:41
11.1,2019-02-21 11:27:16
11.1,2019-02-21 14:26:13
11.1,2019-02-21 17:24:27
11.1,2019-02-21 20:23:03
11.1,2019-02-21 23:21:39
11.1,2019-02-22 02:20:14
10.3,2019-02-22 05:18:51
10.3,2019-02-22 08:17:25
10.3,2019-02-22 11:16:02
11.1,2019-02-22 14:14:38
11.2,2019-02-22 17:13:12
11.1,2019-02-22 20:11:49
11.1,2019-02-22 23:10:23
11.1,2019-02-23 02:08:59
10.9,2019-02-23 05:07:39
10.3,2019-02-23 08:06:10
10.3,2019-02-23 11:04:46
10.3,2019-02-23 14:03:21
11.1,2019-02-23 17:01:57
10.3,2019-02-23 20:00:33
10.3,2019-02-23 22:59:15
10.3,2019-02-24 01:57:51
10.3,2019-02-24 04:56:25
10.3,2019-02-24 07:54:55
10.3,2019-02-24 10:53:30
10.3,2019-02-24 13:52:07
11.1,2019-02-24 16:50:50
10.3,2019-02-24 19:49:17
10.3,2019-02-24 22:47:57
10.3,2019-02-25 01:46:29
10.3,2019-02-25 04:45:18
10.3,2019-02-25 04:47:17
9.5,2019-02-25 07:43:41
9.5,2019-02-25 10:42:27
9.5,2019-02-25 10:44:25
10.3,2019-02-25 13:40:52
10.3,2019-02-25 16:39:34
10.3,2019-02-25 19:38:02
10.3,2019-02-25 22:36:39
9.5,2019-02-26 01:35:16
9.5,2019-02-26 04:33:50
9.5,2019-02-26 07:32:30
9.5,2019-02-26 10:31:00
9.5,2019-02-26 13:29:40
10.3,2019-02-26 16:28:12
9.8,2019-02-26 19:26:48
9.5,2019-02-26 22:25:24
9.5,2019-02-27 01:24:00
9.5,2019-02-27 04:22:35
9.5,2019-02-27 07:21:10
9.5,2019-02-27 10:19:47
9.5,2019-02-27 13:18:29
19.1,2019-02-27 16:16:57
17.1,2019-02-27 19:15:33
16.8,2019-02-27 22:14:08
16,2019-02-28 01:12:44
15.1,2019-02-28 04:11:20
15.1,2019-02-28 07:09:56
15.1,2019-02-28 10:08:31
15.1,2019-02-28 13:07:06
14.3,2019-02-28 16:05:48
14.3,2019-02-28 19:04:39
14.3,2019-02-28 19:06:43
14.3,2019-02-28 22:02:57
14.3,2019-03-01 01:01:29
14.3,2019-03-01 04:00:15
14.3,2019-03-01 04:02:16
14.3,2019-03-01 06:58:41
14.3,2019-03-01 09:57:23
14.3,2019-03-01 12:55:53
14.3,2019-03-01 15:54:35
13.5,2019-03-01 18:53:05
13.5,2019-03-01 21:51:40
13.5,2019-03-02 00:50:22
13.5,2019-03-02 03:48:59
13.5,2019-03-02 06:47:29
13.5,2019-03-02 09:46:16
13.5,2019-03-02 09:48:15
13.5,2019-03-02 12:44:49
13.5,2019-03-02 12:46:49
13.5,2019-03-02 15:43:16
12.7,2019-03-02 18:41:52
12.7,2019-03-02 21:40:28
12.7,2019-03-03 00:39:03
12.7,2019-03-03 03:37:39
12.7,2019-03-03 06:36:26
12.7,2019-03-03 06:38:34
12.7,2019-03-03 06:43:33
12.7,2019-03-03 09:34:51
12.7,2019-03-03 12:33:30
12.7,2019-03-03 15:32:05
12.7,2019-03-03 18:30:38
12.7,2019-03-03 21:29:21
12.7,2019-03-04 00:27:49
12.7,2019-03-04 03:26:25
12.7,2019-03-04 12:22:21
12.7,2019-03-04 12:24:26
13.1,2019-03-04 15:20:52
12.7,2019-03-04 18:19:26
12.7,2019-03-04 21:18:04
12.7,2019-03-05 00:16:46
12.7,2019-03-05 00:18:50
12.7,2019-03-05 03:15:15
12.7,2019-03-05 06:13:52
12.7,2019-03-05 09:12:26
12.7,2019-03-05 12:11:03
12.7,2019-03-05 15:09:39
12.7,2019-03-05 18:08:13
12.7,2019-03-05 21:06:49
11.9,2019-03-06 00:05:29
11.9,2019-03-06 03:04:02
11.9,2019-03-06 06:02:39
11.9,2019-03-06 09:01:13
11.9,2019-03-06 11:59:50
12.5,2019-03-06 14:58:24
11.9,2019-03-06 17:57:00
11.9,2019-03-06 20:55:39
11.9,2019-03-06 23:54:12
11.9,2019-03-07 02:52:49
11.9,2019-03-07 05:51:24
11.9,2019-03-07 08:49:59
11.9,2019-03-07 11:48:41
11.9,2019-03-07 11:50:45
11.9,2019-03-07 14:47:17
11.9,2019-03-07 14:49:21
11.9,2019-03-07 17:45:51
11.9,2019-03-07 20:44:22
11.1,2019-03-07 23:42:59
11.1,2019-03-08 02:41:36
11.1,2019-03-08 05:40:17
11.1,2019-03-08 05:42:20
11.1,2019-03-08 08:38:45
11.1,2019-03-08 11:37:28
11.1,2019-03-08 11:39:33
11.1,2019-03-08 14:36:00
11.7,2019-03-08 17:34:35
11.1,2019-03-08 20:33:10
11.1,2019-03-08 23:31:48
11.1,2019-03-09 02:30:23
11.1,2019-03-09 05:29:01
11.1,2019-03-09 08:27:40
11.1,2019-03-09 08:29:42
11.1,2019-03-09 11:26:08
11.1,2019-03-09 14:24:47
11.1,2019-03-09 17:23:20
11.1,2019-03-09 20:21:56
11.1,2019-03-09 23:20:32
10.3,2019-03-10 02:19:08
10.3,2019-03-10 05:17:46
10.3,2019-03-10 08:16:29
10.3,2019-03-10 08:18:33
10.3,2019-03-10 11:14:59
10.3,2019-03-10 14:13:31
10.7,2019-03-10 17:12:10
10.3,2019-03-10 20:10:43
10.3,2019-03-10 23:09:21
10.3,2019-03-11 02:07:55
10.3,2019-03-11 05:06:31
10.3,2019-03-11 08:05:16
10.3,2019-03-11 08:07:26
10.3,2019-03-11 08:12:28
10.3,2019-03-11 11:03:43
10.3,2019-03-11 14:02:26
10.3,2019-03-11 17:00:59
10.3,2019-03-11 17:03:04
10.3,2019-03-11 19:59:30
10.3,2019-03-11 22:58:06
9.5,2019-03-12 01:56:41
9.5,2019-03-12 04:55:19
9.5,2019-03-12 07:53:59
9.5,2019-03-12 07:56:07
9.5,2019-03-12 08:01:12
19.1,2019-03-12 10:52:29
17.9,2019-03-12 13:51:04
17.1,2019-03-12 16:49:43
16.8,2019-03-12 19:48:16
16,2019-03-12 22:46:54
15.1,2019-03-13 01:45:33
15.1,2019-03-13 01:47:38
15.1,2019-03-13 04:44:03
15.1,2019-03-13 07:42:43
15.1,2019-03-13 07:44:50
14.7,2019-03-13 10:41:14
14.6,2019-03-13 13:39:53
14.3,2019-03-13 16:38:27
14.3,2019-03-13 19:37:00
13.5,2019-03-13 22:35:38
13.5,2019-03-14 01:34:12
13.5,2019-03-14 04:32:47
13.5,2019-03-14 07:31:25
17.1,2019-03-14 10:30:03
17.1,2019-03-14 13:28:37
17.1,2019-03-14 16:27:14
17.1,2019-03-14 19:25:47
16.8,2019-03-14 22:24:30
16.8,2019-03-14 22:26:39
16.8,2019-03-14 22:31:52
16.8,2019-03-15 01:22:57
16.8,2019-03-15 04:21:33
16.8,2019-03-15 07:20:10
16.8,2019-03-15 10:18:50
16.8,2019-03-15 10:20:54
16.8,2019-03-15 13:17:20
17.1,2019-03-15 16:15:57
16.8,2019-03-15 19:14:34
16.8,2019-03-15 22:13:13
16.8,2019-03-16 01:11:45
16.6,2019-03-16 04:10:21
16,2019-03-16 07:08:55
16.8,2019-03-16 10:07:35
16.8,2019-03-16 10:09:40
16.8,2019-03-16 13:06:07
16.8,2019-03-16 16:04:47
16.8,2019-03-16 19:03:23
16,2019-03-16 22:01:54
16,2019-03-17 01:00:32
16,2019-03-17 03:59:12
16,2019-03-17 04:01:17
16,2019-03-17 06:58:03
16,2019-03-17 07:00:14
16,2019-03-17 07:05:09
16,2019-03-17 09:56:17
16,2019-03-17 12:54:54
16.8,2019-03-17 15:53:29
16,2019-03-17 18:52:10
16,2019-03-17 18:54:19
16,2019-03-17 18:59:29
16,2019-03-17 21:50:40
15.1,2019-03-18 00:49:20
15.1,2019-03-18 03:47:52
15.1,2019-03-18 06:46:28
15.1,2019-03-18 09:45:06
15.8,2019-03-18 12:43:44
16,2019-03-18 15:42:29
16,2019-03-18 15:44:42
16,2019-03-18 15:49:50
16,2019-03-18 18:40:49
16,2019-03-18 21:39:27
15.1,2019-03-19 00:38:02
15.1,2019-03-19 04:41:01
15.1,2019-03-19 06:35:21
15.1,2019-03-19 06:37:21
15.1,2019-03-19 09:33:49
11.9,2019-03-28 11:53:30
11.9,2019-03-28 11:58:38
11.9,2019-03-28 12:00:42
11.9,2019-03-28 12:01:48
12.7,2019-03-28 15:00:31
12.7,2019-03-28 15:02:33
12.7,2019-03-28 17:59:05
12.7,2019-03-28 18:01:16
12.7,2019-03-28 18:06:24
12.7,2019-03-28 20:57:36
12.7,2019-03-28 23:56:11
11.9,2019-03-29 02:56:51
11.9,2019-03-29 05:53:22
11.9,2019-03-29 08:51:59
11.9,2019-03-29 11:50:38
11.9,2019-03-29 11:52:43
12.3,2019-03-29 14:49:12
12.7,2019-03-29 17:47:47
12.7,2019-03-29 20:46:22
12.7,2019-03-29 23:44:53
11.9,2019-03-30 02:43:40
11.9,2019-03-30 02:45:40
11.9,2019-03-30 05:42:03
11.9,2019-03-30 08:40:48
11.9,2019-03-30 11:39:16
12.3,2019-03-30 14:38:00
12.7,2019-03-30 17:36:34
12.7,2019-03-30 17:38:41
12.7,2019-03-30 17:43:51
12.7,2019-03-30 20:35:09
12.7,2019-03-30 20:37:12
12.7,2019-03-30 23:33:39
11.9,2019-03-31 02:32:15
11.9,2019-03-31 05:30:57
11.9,2019-03-31 05:33:01
11.9,2019-03-31 08:29:40
11.9,2019-03-31 08:31:46
11.9,2019-03-31 08:37:17
11.9,2019-03-31 11:28:02
11.9,2019-03-31 14:26:39
12.7,2019-03-31 17:25:15
12.7,2019-03-31 20:23:50
12.5,2019-03-31 23:22:24
11.9,2019-04-01 02:21:03
11.9,2019-04-01 05:19:41
11.9,2019-04-01 05:21:45
11.9,2019-04-01 08:18:11
11.9,2019-04-01 11:16:47
11.9,2019-04-01 14:15:31
11.9,2019-04-01 14:17:37
12.7,2019-04-01 17:14:00
12.7,2019-04-01 20:12:36
12.5,2019-04-01 23:11:12
11.9,2019-04-02 02:09:48
11.9,2019-04-02 05:08:30
11.9,2019-04-02 05:10:37
11.9,2019-04-02 08:06:59
11.9,2019-04-02 11:05:44
11.9,2019-04-02 11:07:51
11.9,2019-04-02 14:04:12
12.7,2019-04-10 02:49:50
10.3,2019-04-10 05:48:26
10.3,2019-04-10 08:47:01
10.3,2019-04-10 11:45:36
11.1,2019-04-10 14:44:18
11.1,2019-04-10 17:42:49
11.1,2019-04-10 20:41:25
10.3,2019-04-10 23:39:59
10.3,2019-04-11 02:38:35
10.3,2019-04-11 05:37:10
10.3,2019-04-11 08:35:49
10.3,2019-04-11 11:34:31
10.3,2019-04-11 11:36:36
10.3,2019-04-11 14:32:57
11.1,2019-04-11 17:31:40
11.1,2019-04-11 17:33:47
11.1,2019-04-11 20:30:21
11.1,2019-04-11 20:32:18
10.3,2019-04-11 23:28:46
10.3,2019-04-12 02:27:20
10.3,2019-04-12 05:25:59
10.3,2019-04-12 05:28:04
9.5,2019-04-12 08:24:33
10.3,2019-04-12 11:23:05
10.3,2019-04-12 14:21:44
0.7,2019-05-03 11:42:52
0.7,2019-05-03 11:44:55
1,2019-05-03 11:46:21
0.8,2019-05-03 14:45:01
0.8,2019-05-03 14:47:15
0.8,2019-05-03 14:52:29
1.6,2019-06-19 08:33:16
1.6,2019-06-19 08:35:41
1.6,2019-06-19 08:40:44
2.2,2019-06-19 11:31:58
2.2,2019-06-19 11:34:00
2.2,2019-06-19 11:39:08
1.6,2019-06-19 14:30:34
1.6,2019-06-19 14:32:36
1.5,2019-06-19 17:29:05
1.5,2019-06-19 17:31:13
1.5,2019-06-19 17:36:19
1.4,2019-06-19 20:27:39
1.4,2019-06-19 20:29:48
1.4,2019-06-19 23:26:20
1.4,2019-06-19 23:28:26
1.4,2019-06-19 23:33:37
1.6,2019-06-20 02:24:54
1.6,2019-06-20 02:27:00
1.6,2019-06-20 02:32:06
1.6,2019-06-20 05:23:22
1.4,2019-06-20 08:41:54

SENSOR:,Soil temperature,Deg Centigrade
VALUE, TIMESTAMP
20.4,2019-02-14 18:43:08
19.2,2019-02-14 21:41:43
18,2019-02-15 00:40:21
16.6,2019-02-15 03:38:55
16.5,2019-02-15 06:37:30
15.5,2019-02-15 09:36:10
16.6,2019-02-15 12:34:44
25.6,2019-02-15 15:33:17
22,2019-02-15 18:31:53
19.2,2019-02-15 21:30:36
17.5,2019-02-16 00:29:05
15.5,2019-02-16 03:27:40
15.6,2019-02-16 06:26:15
14.9,2019-02-16 09:24:51
16.7,2019-02-16 12:23:31
20.6,2019-02-16 15:22:10
20.3,2019-02-16 18:20:45
17.6,2019-02-16 21:19:18
16.1,2019-02-17 00:17:50
14.4,2019-02-17 03:16:28
13.6,2019-02-17 06:15:11
13.6,2019-02-17 06:17:11
15.3,2019-02-17 12:12:13
13.1,2019-02-17 12:23:42
19.9,2019-02-17 15:10:49
19.8,2019-02-17 18:09:29
17.7,2019-02-17 21:08:07
16.3,2019-02-18 00:06:40
16.2,2019-02-18 03:05:21
16.2,2019-02-18 03:07:21
15.9,2019-02-18 06:03:47
15.5,2019-02-18 09:02:24
16.1,2019-02-18 12:00:58
18.3,2019-02-18 14:59:34
19.5,2019-02-18 17:58:10
18,2019-02-18 20:56:46
16.9,2019-02-18 23:55:25
15.8,2019-02-19 02:54:41
15.2,2019-02-19 05:52:40
15.8,2019-02-19 08:51:14
16.7,2019-02-19 11:49:45
21.5,2019-02-19 14:48:22
21.8,2019-02-19 17:47:01
21.1,2019-02-19 20:45:32
19,2019-02-19 23:44:08
17.8,2019-02-20 02:42:48
16.9,2019-02-20 05:41:20
15.5,2019-02-20 08:39:55
18.9,2019-02-20 11:38:34
22.7,2019-02-20 14:37:11
23.8,2019-02-20 17:35:43
21.2,2019-02-20 20:34:22
19.5,2019-02-20 23:32:53
18.6,2019-02-21 02:31:32
17.6,2019-02-21 05:30:13
17.6,2019-02-21 05:32:14
17.1,2019-02-21 08:28:41
18.1,2019-02-21 11:27:16
23,2019-02-21 14:26:13
24,2019-02-21 17:24:27
22.1,2019-02-21 20:23:03
20.5,2019-02-21 23:21:39
19.4,2019-02-22 02:20:14
18.7,2019-02-22 05:18:51
18,2019-02-22 08:17:25
19,2019-02-22 11:16:02
23.5,2019-02-22 14:14:38
24.5,2019-02-22 17:13:12
22.6,2019-02-22 20:11:49
20.7,2019-02-22 23:10:23
19.1,2019-02-23 02:08:59
18.5,2019-02-23 05:07:39
17.8,2019-02-23 08:06:10
18,2019-02-23 11:04:46
21.1,2019-02-23 14:03:21
24.4,2019-02-23 17:01:57
22.5,2019-02-23 20:00:33
19.9,2019-02-23 22:59:15
19.3,2019-02-24 01:57:51
18.8,2019-02-24 04:56:25
17.9,2019-02-24 07:54:55
18.4,2019-02-24 10:53:30
22.8,2019-02-24 13:52:07
25.6,2019-02-24 16:50:50
24,2019-02-24 19:49:17
20.9,2019-02-24 22:47:57
19.4,2019-02-25 01:46:29
18.3,2019-02-25 04:45:18
18.3,2019-02-25 04:47:17
17.6,2019-02-25 07:43:41
18.3,2019-02-25 10:42:27
18.3,2019-02-25 10:44:25
22.2,2019-02-25 13:40:52
25.5,2019-02-25 16:39:34
23.3,2019-02-25 19:38:02
20.9,2019-02-25 22:36:39
19.9,2019-02-26 01:35:16
19,2019-02-26 04:33:50
18.2,2019-02-26 07:32:30
18.8,2019-02-26 10:31:00
22,2019-02-26 13:29:40
24.8,2019-02-26 16:28:12
22.8,2019-02-26 19:26:48
20.8,2019-02-26 22:25:24
19.5,2019-02-27 01:24:00
18.2,2019-02-27 04:22:35
17.9,2019-02-27 07:21:10
17.5,2019-02-27 10:19:47
22,2019-02-27 13:18:29
26.9,2019-02-27 16:16:57
23.4,2019-02-27 19:15:33
20.9,2019-02-27 22:14:08
18.1,2019-02-28 01:12:44
17,2019-02-28 04:11:20
16.1,2019-02-28 07:09:56
16,2019-02-28 10:08:31
19.5,2019-02-28 13:07:06
22.3,2019-02-28 16:05:48
21,2019-02-28 19:04:39
21,2019-02-28 19:06:43
18.4,2019-02-28 22:02:57
16.2,2019-03-01 01:01:29
15.7,2019-03-01 04:00:15
15.7,2019-03-01 04:02:16
14.5,2019-03-01 06:58:41
14.8,2019-03-01 09:57:23
18.5,2019-03-01 12:55:53
22,2019-03-01 15:54:35
21.2,2019-03-01 18:53:05
19.6,2019-03-01 21:51:40
18.1,2019-03-02 00:50:22
17.3,2019-03-02 03:48:59
16.2,2019-03-02 06:47:29
16.3,2019-03-02 09:46:16
16.3,2019-03-02 09:48:15
18.2,2019-03-02 12:44:49
18.2,2019-03-02 12:46:49
21.5,2019-03-02 15:43:16
21.5,2019-03-02 18:41:52
20.8,2019-03-02 21:40:28
19.2,2019-03-03 00:39:03
18.5,2019-03-03 03:37:39
18.2,2019-03-03 06:36:26
18.2,2019-03-03 06:38:34
18.2,2019-03-03 06:43:33
18.6,2019-03-03 09:34:51
20.3,2019-03-03 12:33:30
24.7,2019-03-03 15:32:05
23.1,2019-03-03 18:30:38
21.1,2019-03-03 21:29:21
19.6,2019-03-04 00:27:49
19,2019-03-04 03:26:25
19.9,2019-03-04 12:22:21
19.9,2019-03-04 12:24:26
24.9,2019-03-04 15:20:52
24.3,2019-03-04 18:19:26
21.4,2019-03-04 21:18:04
19.7,2019-03-05 00:16:46
19.7,2019-03-05 00:18:50
18.3,2019-03-05 03:15:15
17.1,2019-03-05 06:13:52
16.8,2019-03-05 09:12:26
19.6,2019-03-05 12:11:03
25.6,2019-03-05 15:09:39
25.3,2019-03-05 18:08:13
22.8,2019-03-05 21:06:49
20.4,2019-03-06 00:05:29
18.8,2019-03-06 03:04:02
17.5,2019-03-06 06:02:39
16.9,2019-03-06 09:01:13
20.3,2019-03-06 11:59:50
25.6,2019-03-06 14:58:24
26.9,2019-03-06 17:57:00
22.9,2019-03-06 20:55:39
21.5,2019-03-06 23:54:12
20,2019-03-07 02:52:49
18.9,2019-03-07 05:51:24
18.1,2019-03-07 08:49:59
19.9,2019-03-07 11:48:41
19.9,2019-03-07 11:50:45
25.3,2019-03-07 14:47:17
25.3,2019-03-07 14:49:21
26.8,2019-03-07 17:45:51
24.6,2019-03-07 20:44:23
21.9,2019-03-07 23:42:59
21,2019-03-08 02:41:36
19.5,2019-03-08 05:40:17
19.5,2019-03-08 05:42:20
18.6,2019-03-08 08:38:45
20.6,2019-03-08 11:37:28
20.6,2019-03-08 11:39:33
25.1,2019-03-08 14:36:00
27,2019-03-08 17:34:35
24.5,2019-03-08 20:33:10
22.7,2019-03-08 23:31:48
21.3,2019-03-09 02:30:23
20,2019-03-09 05:29:01
19.4,2019-03-09 08:27:40
19.4,2019-03-09 08:29:42
21.1,2019-03-09 11:26:08
25.6,2019-03-09 14:24:47
28.1,2019-03-09 17:23:20
25.5,2019-03-09 20:21:56
23.3,2019-03-09 23:20:32
21.8,2019-03-10 02:19:08
21.3,2019-03-10 05:17:46
19.7,2019-03-10 08:16:29
19.7,2019-03-10 08:18:33
21.1,2019-03-10 11:14:59
25.4,2019-03-10 14:13:31
28.2,2019-03-10 17:12:10
26.5,2019-03-10 20:10:43
24.3,2019-03-10 23:09:21
23.2,2019-03-11 02:07:55
22,2019-03-11 05:06:31
20.6,2019-03-11 08:05:16
20.6,2019-03-11 08:07:26
20.6,2019-03-11 08:12:28
21.4,2019-03-11 11:03:43
25.5,2019-03-11 14:02:26
28.8,2019-03-11 17:00:59
28.8,2019-03-11 17:03:04
26.4,2019-03-11 19:59:30
23.8,2019-03-11 22:58:06
22.6,2019-03-12 01:56:41
20.3,2019-03-12 04:55:19
19.7,2019-03-12 07:53:59
19.7,2019-03-12 07:56:07
19.7,2019-03-12 08:01:12
22.4,2019-03-12 10:52:29
26,2019-03-12 13:51:04
26.9,2019-03-12 16:49:43
24.2,2019-03-12 19:48:16
21.8,2019-03-12 22:46:54
20.4,2019-03-13 01:45:33
20.4,2019-03-13 01:47:38
19.4,2019-03-13 04:44:03
18.7,2019-03-13 07:42:43
18.7,2019-03-13 07:44:50
19.1,2019-03-13 10:41:14
22.7,2019-03-13 13:39:53
24.9,2019-03-13 16:38:27
22.4,2019-03-13 19:37:00
20.8,2019-03-13 22:35:38
19.2,2019-03-14 01:34:12
18.1,2019-03-14 04:32:47
16.8,2019-03-14 07:31:25
18.2,2019-03-14 10:30:03
21.4,2019-03-14 13:28:37
25.6,2019-03-14 16:27:14
23,2019-03-14 19:25:47
20.3,2019-03-14 22:24:30
20.3,2019-03-14 22:26:39
20.3,2019-03-14 22:31:52
18.8,2019-03-15 01:22:57
18.2,2019-03-15 04:21:33
16.8,2019-03-15 07:20:10
17.5,2019-03-15 10:18:50
17.5,2019-03-15 10:20:54
21.7,2019-03-15 13:17:20
27.1,2019-03-15 16:15:57
24.9,2019-03-15 19:14:34
22.3,2019-03-15 22:13:13
20.6,2019-03-16 01:11:45
20.1,2019-03-16 04:10:21
18.5,2019-03-16 07:08:55
18.8,2019-03-16 10:07:35
18.8,2019-03-16 10:09:40
23,2019-03-16 13:06:07
27,2019-03-16 16:04:47
25,2019-03-16 19:03:23
22.7,2019-03-16 22:01:54
20.8,2019-03-17 01:00:32
19.5,2019-03-17 03:59:12
19.5,2019-03-17 04:01:17
19.7,2019-03-17 06:58:03
19.7,2019-03-17 07:00:14
19.7,2019-03-17 07:05:09
19.5,2019-03-17 09:56:17
23.5,2019-03-17 12:54:54
29.4,2019-03-17 15:53:29
27.7,2019-03-17 18:52:10
27.7,2019-03-17 18:54:19
27.7,2019-03-17 18:59:29
24.5,2019-03-17 21:50:40
22.6,2019-03-18 00:49:20
20.6,2019-03-18 03:47:52
20.5,2019-03-18 06:46:28
19.6,2019-03-18 09:45:06
23.5,2019-03-18 12:43:44
28.7,2019-03-18 15:42:29
28.7,2019-03-18 15:44:42
28.7,2019-03-18 15:49:50
28.1,2019-03-18 18:40:49
25.1,2019-03-18 21:39:27
23.3,2019-03-19 00:38:02
21.5,2019-03-19 04:41:01
20.8,2019-03-19 06:35:21
20.8,2019-03-19 06:37:21
20.4,2019-03-19 09:33:49
27.1,2019-03-28 11:53:30
27.4,2019-03-28 11:58:38
27.4,2019-03-28 12:00:42
27.4,2019-03-28 12:01:48
32.6,2019-03-28 15:00:31
32.6,2019-03-28 15:02:33
33.7,2019-03-28 17:59:05
33.7,2019-03-28 18:01:16
33.7,2019-03-28 18:06:24
31.2,2019-03-28 20:57:36
29.4,2019-03-28 23:56:11
27.4,2019-03-29 02:56:51
26,2019-03-29 05:53:22
25.1,2019-03-29 08:51:59
27.8,2019-03-29 11:50:38
27.8,2019-03-29 11:52:43
32.4,2019-03-29 14:49:12
34.2,2019-03-29 17:47:47
31.9,2019-03-29 20:46:22
29.8,2019-03-29 23:44:53
27.9,2019-03-30 02:43:40
27.9,2019-03-30 02:45:40
26.9,2019-03-30 05:42:03
25.9,2019-03-30 08:40:48
28.2,2019-03-30 11:39:16
32.2,2019-03-30 14:38:00
34.6,2019-03-30 17:36:34
34.6,2019-03-30 17:38:42
34.6,2019-03-30 17:43:51
32.3,2019-03-30 20:35:09
32.3,2019-03-30 20:37:12
30,2019-03-30 23:33:39
28.8,2019-03-31 02:32:15
26.9,2019-03-31 05:30:57
26.9,2019-03-31 05:33:01
26.3,2019-03-31 08:29:40
26.3,2019-03-31 08:31:46
26.3,2019-03-31 08:37:17
28.1,2019-03-31 11:28:02
32.6,2019-03-31 14:26:39
35.3,2019-03-31 17:25:15
33.3,2019-03-31 20:23:50
30.6,2019-03-31 23:22:24
28.7,2019-04-01 02:21:03
27.4,2019-04-01 05:19:41
27.4,2019-04-01 05:21:45
26.9,2019-04-01 08:18:11
28.4,2019-04-01 11:16:47
32.8,2019-04-01 14:15:31
32.8,2019-04-01 14:17:37
35.6,2019-04-01 17:14:00
33.2,2019-04-01 20:12:36
30.9,2019-04-01 23:11:12
29,2019-04-02 02:09:48
27.4,2019-04-02 05:08:30
27.4,2019-04-02 05:10:37
27.1,2019-04-02 08:06:59
28.1,2019-04-02 11:05:44
28.1,2019-04-02 11:07:51
32.4,2019-04-02 14:04:12
35.5,2019-04-10 02:49:50
30.4,2019-04-10 05:48:26
29.4,2019-04-10 08:47:01
31.6,2019-04-10 11:45:36
36.5,2019-04-10 14:44:18
38.4,2019-04-10 17:42:49
36.1,2019-04-10 20:41:25
33.6,2019-04-10 23:39:59
32,2019-04-11 02:38:35
30.1,2019-04-11 05:37:10
29.7,2019-04-11 08:35:49
31.8,2019-04-11 11:34:31
31.8,2019-04-11 11:36:36
36.6,2019-04-11 14:32:57
39.3,2019-04-11 17:31:40
39.3,2019-04-11 17:33:47
37.2,2019-04-11 20:30:22
37.2,2019-04-11 20:32:18
34.4,2019-04-11 23:28:46
32,2019-04-12 02:27:20
31.2,2019-04-12 05:25:59
31.2,2019-04-12 05:28:04
30.2,2019-04-12 08:24:33
31.8,2019-04-12 11:23:05
36.5,2019-04-12 14:21:44
43,2019-05-03 11:42:52
43,2019-05-03 11:44:55
38.3,2019-05-03 11:46:21
29.9,2019-05-03 14:45:01
29.9,2019-05-03 14:47:15
29.9,2019-05-03 14:52:29
160.5,2019-06-19 08:33:16
160.5,2019-06-19 08:35:41
160.5,2019-06-19 08:40:44
109.2,2019-06-19 11:31:58
109.2,2019-06-19 11:34:00
109.2,2019-06-19 11:39:08
121.5,2019-06-19 14:30:34
121.5,2019-06-19 14:32:36
120.5,2019-06-19 17:29:05
120.5,2019-06-19 17:31:13
120.5,2019-06-19 17:36:19
135.9,2019-06-19 20:27:39
135.9,2019-06-19 20:29:48
192,2019-06-19 23:26:20
192,2019-06-19 23:28:26
192,2019-06-19 23:33:37
195.1,2019-06-20 02:24:54
195.1,2019-06-20 02:27:00
195.1,2019-06-20 02:32:06
211,2019-06-20 05:23:22
211.7,2019-06-20 08:41:54

SENSOR:,Ambient humidity,%RH
VALUE, TIMESTAMP
47,2019-02-14 18:43:08
57,2019-02-14 21:41:43
63,2019-02-15 00:40:21
68,2019-02-15 03:38:55
73,2019-02-15 06:37:30
70,2019-02-15 09:36:10
52,2019-02-15 12:34:44
44,2019-02-15 15:33:17
44,2019-02-15 18:31:53
49,2019-02-15 21:30:36
57,2019-02-16 00:29:05
60,2019-02-16 03:27:40
59,2019-02-16 06:26:15
58,2019-02-16 09:24:51
46,2019-02-16 12:23:31
40,2019-02-16 15:22:10
41,2019-02-16 18:20:45
45,2019-02-16 21:19:18
50,2019-02-17 00:17:50
56,2019-02-17 03:16:28
60,2019-02-17 06:15:11
60,2019-02-17 06:17:11
46,2019-02-17 12:12:13
61,2019-02-17 12:23:42
40,2019-02-17 15:10:49
39,2019-02-17 18:09:29
44,2019-02-17 21:08:07
51,2019-02-18 00:06:40
57,2019-02-18 03:05:21
57,2019-02-18 03:07:21
58,2019-02-18 06:03:47
58,2019-02-18 09:02:24
60,2019-02-18 12:00:58
55,2019-02-18 14:59:34
51,2019-02-18 17:58:10
57,2019-02-18 20:56:46
64,2019-02-18 23:55:25
70,2019-02-19 02:54:41
75,2019-02-19 05:52:40
75,2019-02-19 08:51:14
63,2019-02-19 11:49:45
56,2019-02-19 14:48:22
54,2019-02-19 17:47:01
63,2019-02-19 20:45:32
71,2019-02-19 23:44:08
78,2019-02-20 02:42:48
80,2019-02-20 05:41:20
81,2019-02-20 08:39:55
63,2019-02-20 11:38:34
51,2019-02-20 14:37:11
46,2019-02-20 17:35:43
54,2019-02-20 20:34:22
62,2019-02-20 23:32:53
69,2019-02-21 02:31:32
75,2019-02-21 05:30:13
75,2019-02-21 05:32:14
76,2019-02-21 08:28:41
66,2019-02-21 11:27:16
53,2019-02-21 14:26:13
57,2019-02-21 17:24:27
65,2019-02-21 20:23:03
74,2019-02-21 23:21:39
80,2019-02-22 02:20:14
83,2019-02-22 05:18:51
83,2019-02-22 08:17:25
69,2019-02-22 11:16:02
58,2019-02-22 14:14:38
52,2019-02-22 17:13:12
55,2019-02-22 20:11:49
59,2019-02-22 23:10:23
59,2019-02-23 02:08:59
58,2019-02-23 05:07:39
56,2019-02-23 08:06:10
52,2019-02-23 11:04:46
47,2019-02-23 14:03:21
42,2019-02-23 17:01:57
46,2019-02-23 20:00:33
54,2019-02-23 22:59:15
59,2019-02-24 01:57:51
63,2019-02-24 04:56:25
69,2019-02-24 07:54:55
56,2019-02-24 10:53:30
45,2019-02-24 13:52:07
41,2019-02-24 16:50:50
44,2019-02-24 19:49:17
52,2019-02-24 22:47:57
59,2019-02-25 01:46:29
64,2019-02-25 04:45:18
64,2019-02-25 04:47:17
69,2019-02-25 07:43:41
58,2019-02-25 10:42:27
58,2019-02-25 10:44:25
45,2019-02-25 13:40:52
41,2019-02-25 16:39:34
44,2019-02-25 19:38:02
52,2019-02-25 22:36:39
58,2019-02-26 01:35:16
66,2019-02-26 04:33:50
73,2019-02-26 07:32:30
62,2019-02-26 10:31:00
52,2019-02-26 13:29:40
50,2019-02-26 16:28:12
56,2019-02-26 19:26:48
64,2019-02-26 22:25:24
71,2019-02-27 01:24:00
76,2019-02-27 04:22:35
80,2019-02-27 07:21:10
64,2019-02-27 10:19:47
56,2019-02-27 13:18:29
47,2019-02-27 16:16:57
48,2019-02-27 19:15:33
53,2019-02-27 22:14:08
58,2019-02-28 01:12:44
59,2019-02-28 04:11:20
62,2019-02-28 07:09:56
56,2019-02-28 10:08:31
45,2019-02-28 13:07:06
41,2019-02-28 16:05:48
39,2019-02-28 19:04:39
39,2019-02-28 19:06:43
43,2019-02-28 22:02:57
47,2019-03-01 01:01:29
53,2019-03-01 04:00:15
53,2019-03-01 04:02:16
59,2019-03-01 06:58:41
53,2019-03-01 09:57:23
43,2019-03-01 12:55:53
39,2019-03-01 15:54:35
40,2019-03-01 18:53:05
45,2019-03-01 21:51:40
52,2019-03-02 00:50:22
59,2019-03-02 03:48:59
60,2019-03-02 06:47:29
54,2019-03-02 09:46:16
54,2019-03-02 09:48:15
46,2019-03-02 12:44:49
46,2019-03-02 12:46:49
41,2019-03-02 15:43:16
44,2019-03-02 18:41:52
51,2019-03-02 21:40:28
54,2019-03-03 00:39:03
62,2019-03-03 03:37:39
70,2019-03-03 06:36:26
70,2019-03-03 06:38:34
70,2019-03-03 06:43:33
70,2019-03-03 09:34:51
59,2019-03-03 12:33:30
50,2019-03-03 15:32:05
50,2019-03-03 18:30:38
56,2019-03-03 21:29:21
62,2019-03-04 00:27:49
67,2019-03-04 03:26:25
55,2019-03-04 12:22:21
55,2019-03-04 12:24:26
50,2019-03-04 15:20:52
48,2019-03-04 18:19:26
53,2019-03-04 21:18:04
61,2019-03-05 00:16:46
61,2019-03-05 00:18:50
67,2019-03-05 03:15:15
71,2019-03-05 06:13:52
66,2019-03-05 09:12:26
52,2019-03-05 12:11:03
45,2019-03-05 15:09:39
43,2019-03-05 18:08:13
47,2019-03-05 21:06:49
53,2019-03-06 00:05:29
60,2019-03-06 03:04:02
65,2019-03-06 06:02:39
63,2019-03-06 09:01:13
49,2019-03-06 11:59:50
43,2019-03-06 14:58:24
42,2019-03-06 17:57:00
47,2019-03-06 20:55:39
54,2019-03-06 23:54:12
61,2019-03-07 02:52:49
67,2019-03-07 05:51:24
66,2019-03-07 08:49:59
50,2019-03-07 11:48:41
50,2019-03-07 11:50:45
42,2019-03-07 14:47:17
42,2019-03-07 14:49:21
41,2019-03-07 17:45:51
46,2019-03-07 20:44:23
53,2019-03-07 23:42:59
60,2019-03-08 02:41:36
64,2019-03-08 05:40:17
64,2019-03-08 05:42:20
65,2019-03-08 08:38:45
54,2019-03-08 11:37:28
54,2019-03-08 11:39:33
44,2019-03-08 14:36:00
40,2019-03-08 17:34:35
47,2019-03-08 20:33:10
54,2019-03-08 23:31:49
58,2019-03-09 02:30:23
62,2019-03-09 05:29:01
60,2019-03-09 08:27:40
60,2019-03-09 08:29:42
52,2019-03-09 11:26:08
44,2019-03-09 14:24:47
37,2019-03-09 17:23:20
42,2019-03-09 20:21:56
47,2019-03-09 23:20:32
51,2019-03-10 02:19:08
52,2019-03-10 05:17:46
56,2019-03-10 08:16:29
56,2019-03-10 08:18:33
45,2019-03-10 11:14:59
38,2019-03-10 14:13:31
37,2019-03-10 17:12:10
40,2019-03-10 20:10:43
46,2019-03-10 23:09:21
49,2019-03-11 02:07:55
55,2019-03-11 05:06:31
62,2019-03-11 08:05:16
62,2019-03-11 08:07:26
62,2019-03-11 08:12:28
51,2019-03-11 11:03:43
43,2019-03-11 14:02:26
38,2019-03-11 17:00:59
38,2019-03-11 17:03:04
40,2019-03-11 19:59:30
47,2019-03-11 22:58:06
53,2019-03-12 01:56:41
58,2019-03-12 04:55:19
61,2019-03-12 07:53:59
61,2019-03-12 07:56:07
61,2019-03-12 08:01:12
49,2019-03-12 10:52:29
42,2019-03-12 13:51:04
37,2019-03-12 16:49:43
39,2019-03-12 19:48:16
44,2019-03-12 22:46:54
47,2019-03-13 01:45:33
47,2019-03-13 01:47:38
45,2019-03-13 04:44:03
46,2019-03-13 07:42:43
46,2019-03-13 07:44:50
46,2019-03-13 10:41:14
40,2019-03-13 13:39:53
36,2019-03-13 16:38:27
39,2019-03-13 19:37:00
45,2019-03-13 22:35:38
50,2019-03-14 01:34:12
55,2019-03-14 04:32:47
59,2019-03-14 07:31:25
50,2019-03-14 10:30:03
43,2019-03-14 13:28:37
38,2019-03-14 16:27:14
39,2019-03-14 19:25:47
44,2019-03-14 22:24:30
44,2019-03-14 22:26:39
44,2019-03-14 22:31:52
50,2019-03-15 01:22:57
54,2019-03-15 04:21:33
56,2019-03-15 07:20:10
50,2019-03-15 10:18:50
50,2019-03-15 10:20:54
41,2019-03-15 13:17:20
38,2019-03-15 16:15:57
38,2019-03-15 19:14:34
41,2019-03-15 22:13:13
44,2019-03-16 01:11:45
43,2019-03-16 04:10:21
42,2019-03-16 07:08:56
33,2019-03-16 10:07:35
33,2019-03-16 10:09:40
36,2019-03-16 13:06:07
34,2019-03-16 16:04:47
36,2019-03-16 19:03:23
41,2019-03-16 22:01:54
46,2019-03-17 01:00:32
48,2019-03-17 03:59:12
48,2019-03-17 04:01:17
44,2019-03-17 06:58:03
44,2019-03-17 07:00:14
44,2019-03-17 07:05:09
34,2019-03-17 09:56:17
35,2019-03-17 12:54:54
32,2019-03-17 15:53:29
32,2019-03-17 18:52:10
32,2019-03-17 18:54:19
32,2019-03-17 18:59:29
35,2019-03-17 21:50:40
40,2019-03-18 00:49:20
44,2019-03-18 03:47:52
47,2019-03-18 06:46:28
41,2019-03-18 09:45:06
34,2019-03-18 12:43:44
30,2019-03-18 15:42:29
30,2019-03-18 15:44:42
30,2019-03-18 15:49:50
31,2019-03-18 18:40:49
34,2019-03-18 21:39:27
41,2019-03-19 00:38:02
48,2019-03-19 04:41:01
54,2019-03-19 06:35:21
54,2019-03-19 06:37:21
45,2019-03-19 09:33:49
33,2019-03-28 11:53:30
33,2019-03-28 11:58:38
33,2019-03-28 12:00:42
32,2019-03-28 12:01:48
28,2019-03-28 15:00:31
28,2019-03-28 15:02:33
26,2019-03-28 17:59:05
26,2019-03-28 18:01:17
26,2019-03-28 18:06:24
32,2019-03-28 20:57:36
41,2019-03-28 23:56:11
48,2019-03-29 02:56:51
51,2019-03-29 05:53:22
47,2019-03-29 08:51:59
33,2019-03-29 11:50:38
33,2019-03-29 11:52:43
27,2019-03-29 14:49:12
26,2019-03-29 17:47:47
32,2019-03-29 20:46:22
40,2019-03-29 23:44:53
47,2019-03-30 02:43:40
47,2019-03-30 02:45:40
53,2019-03-30 05:42:03
50,2019-03-30 08:40:48
36,2019-03-30 11:39:16
30,2019-03-30 14:38:00
27,2019-03-30 17:36:34
27,2019-03-30 17:38:46
27,2019-03-30 17:43:51
33,2019-03-30 20:35:09
33,2019-03-30 20:37:12
43,2019-03-30 23:33:39
47,2019-03-31 02:32:15
53,2019-03-31 05:30:57
53,2019-03-31 05:33:01
51,2019-03-31 08:29:40
51,2019-03-31 08:31:46
51,2019-03-31 08:37:17
35,2019-03-31 11:28:02
26,2019-03-31 14:26:39
24,2019-03-31 17:25:15
27,2019-03-31 20:23:50
33,2019-03-31 23:22:24
37,2019-04-01 02:21:03
41,2019-04-01 05:19:41
41,2019-04-01 05:21:45
45,2019-04-01 08:18:11
31,2019-04-01 11:16:47
24,2019-04-01 14:15:31
24,2019-04-01 14:17:37
22,2019-04-01 17:14:00
24,2019-04-01 20:12:36
31,2019-04-01 23:11:12
37,2019-04-02 02:09:48
40,2019-04-02 05:08:30
40,2019-04-02 05:10:37
42,2019-04-02 08:06:59
29,2019-04-02 11:05:44
29,2019-04-02 11:07:51
23,2019-04-02 14:04:12
21,2019-04-10 02:49:50
50,2019-04-10 05:48:26
48,2019-04-10 08:47:01
36,2019-04-10 11:45:36
30,2019-04-10 14:44:18
27,2019-04-10 17:42:49
32,2019-04-10 20:41:25
32,2019-04-10 23:39:59
40,2019-04-11 02:38:35
47,2019-04-11 05:37:10
46,2019-04-11 08:35:49
34,2019-04-11 11:34:31
34,2019-04-11 11:36:36
28,2019-04-11 14:32:57
25,2019-04-11 17:31:40
25,2019-04-11 17:33:47
29,2019-04-11 20:30:22
29,2019-04-11 20:32:18
36,2019-04-11 23:28:46
41,2019-04-12 02:27:20
44,2019-04-12 05:25:59
44,2019-04-12 05:28:04
43,2019-04-12 08:24:33
32,2019-04-12 11:23:05
25,2019-04-12 14:21:45
30,2019-05-03 11:42:52
30,2019-05-03 11:44:55
30,2019-05-03 11:46:21
26,2019-05-03 14:45:01
26,2019-05-03 14:47:15
26,2019-05-03 14:52:29
88,2019-06-19 08:33:16
88,2019-06-19 08:35:41
88,2019-06-19 08:40:44
79,2019-06-19 11:31:58
79,2019-06-19 11:34:00
79,2019-06-19 11:39:08
68,2019-06-19 14:30:34
68,2019-06-19 14:32:36
65,2019-06-19 17:29:05
65,2019-06-19 17:31:13
65,2019-06-19 17:36:19
72,2019-06-19 20:27:39
72,2019-06-19 20:29:48
79,2019-06-19 23:26:20
79,2019-06-19 23:28:26
79,2019-06-19 23:33:37
82,2019-06-20 02:24:54
82,2019-06-20 02:27:00
82,2019-06-20 02:32:06
86,2019-06-20 05:23:22
86,2019-06-20 08:41:54

SENSOR:,Ambient temperature,Deg Centigrade
VALUE, TIMESTAMP
16,2019-02-14 18:43:08
11,2019-02-14 21:41:43
8,2019-02-15 00:40:21
8,2019-02-15 03:38:55
6,2019-02-15 06:37:30
25,2019-02-15 09:36:10
31,2019-02-15 12:34:44
28,2019-02-15 15:33:17
16,2019-02-15 18:31:53
8,2019-02-15 21:30:36
5,2019-02-16 00:29:05
13,2019-02-16 03:27:40
13,2019-02-16 06:26:15
23,2019-02-16 09:24:51
29,2019-02-16 12:23:31
29,2019-02-16 15:22:10
18,2019-02-16 18:20:45
8,2019-02-16 21:19:18
6,2019-02-17 00:17:50
4,2019-02-17 03:16:28
4,2019-02-17 06:15:11
4,2019-02-17 06:17:11
32,2019-02-17 12:12:13
21,2019-02-17 12:23:42
30,2019-02-17 15:10:49
22,2019-02-17 18:09:29
11,2019-02-17 21:08:07
13,2019-02-18 00:06:40
11,2019-02-18 03:05:21
11,2019-02-18 03:07:21
13,2019-02-18 06:03:47
16,2019-02-18 09:02:24
22,2019-02-18 12:00:58
27,2019-02-18 14:59:34
24,2019-02-18 17:58:10
12,2019-02-18 20:56:46
12,2019-02-18 23:55:25
9,2019-02-19 02:54:41
9,2019-02-19 05:52:40
23,2019-02-19 08:51:14
29,2019-02-19 11:49:45
30,2019-02-19 14:48:22
25,2019-02-19 17:47:01
18,2019-02-19 20:45:32
13,2019-02-19 23:44:08
13,2019-02-20 02:42:48
11,2019-02-20 05:41:20
20,2019-02-20 08:39:55
32,2019-02-20 11:38:34
34,2019-02-20 14:37:11
28,2019-02-20 17:35:43
16,2019-02-20 20:34:22
14,2019-02-20 23:32:53
12,2019-02-21 02:31:32
11,2019-02-21 05:30:13
11,2019-02-21 05:32:14
21,2019-02-21 08:28:41
29,2019-02-21 11:27:16
28,2019-02-21 14:26:13
26,2019-02-21 17:24:27
16,2019-02-21 20:23:03
14,2019-02-21 23:21:39
14,2019-02-22 02:20:14
14,2019-02-22 05:18:51
17,2019-02-22 08:17:25
29,2019-02-22 11:16:02
30,2019-02-22 14:14:38
27,2019-02-22 17:13:12
15,2019-02-22 20:11:49
14,2019-02-22 23:10:23
15,2019-02-23 02:08:59
15,2019-02-23 05:07:39
16,2019-02-23 08:06:10
27,2019-02-23 11:04:46
29,2019-02-23 14:03:21
27,2019-02-23 17:01:57
16,2019-02-23 20:00:33
13,2019-02-23 22:59:16
10,2019-02-24 01:57:51
11,2019-02-24 04:56:25
13,2019-02-24 07:54:55
30,2019-02-24 10:53:30
30,2019-02-24 13:52:07
28,2019-02-24 16:50:50
13,2019-02-24 19:49:17
9,2019-02-24 22:47:57
7,2019-02-25 01:46:29
6,2019-02-25 04:45:18
6,2019-02-25 04:47:17
6,2019-02-25 07:43:41
27,2019-02-25 10:42:27
27,2019-02-25 10:44:25
31,2019-02-25 13:40:52
29,2019-02-25 16:39:34
14,2019-02-25 19:38:02
11,2019-02-25 22:36:39
14,2019-02-26 01:35:16
11,2019-02-26 04:33:50
12,2019-02-26 07:32:30
27,2019-02-26 10:31:00
28,2019-02-26 13:29:40
22,2019-02-26 16:28:12
16,2019-02-26 19:26:48
12,2019-02-26 22:25:24
11,2019-02-27 01:24:00
11,2019-02-27 04:22:35
9,2019-02-27 07:21:10
26,2019-02-27 10:19:47
28,2019-02-27 13:18:29
26,2019-02-27 16:16:57
15,2019-02-27 19:15:33
8,2019-02-27 22:14:08
8,2019-02-28 01:12:44
5,2019-02-28 04:11:20
4,2019-02-28 07:09:56
25,2019-02-28 10:08:31
30,2019-02-28 13:07:06
29,2019-02-28 16:05:48
14,2019-02-28 19:04:39
14,2019-02-28 19:06:43
8,2019-02-28 22:02:57
6,2019-03-01 01:01:29
4,2019-03-01 04:00:15
4,2019-03-01 04:02:16
5,2019-03-01 06:58:41
24,2019-03-01 09:57:23
30,2019-03-01 12:55:53
31,2019-03-01 15:54:35
16,2019-03-01 18:53:05
12,2019-03-01 21:51:40
11,2019-03-02 00:50:22
9,2019-03-02 03:48:59
16,2019-03-02 06:47:29
24,2019-03-02 09:46:16
24,2019-03-02 09:48:15
27,2019-03-02 12:44:49
27,2019-03-02 12:46:49
32,2019-03-02 15:43:16
21,2019-03-02 18:41:52
19,2019-03-02 21:40:28
16,2019-03-03 00:39:03
14,2019-03-03 03:37:39
16,2019-03-03 06:36:26
16,2019-03-03 06:38:34
16,2019-03-03 06:43:33
25,2019-03-03 09:34:51
29,2019-03-03 12:33:30
30,2019-03-03 15:32:05
21,2019-03-03 18:30:38
13,2019-03-03 21:29:21
14,2019-03-04 00:27:49
13,2019-03-04 03:26:25
28,2019-03-04 12:22:21
28,2019-03-04 12:24:26
28,2019-03-04 15:20:52
22,2019-03-04 18:19:26
11,2019-03-04 21:18:04
8,2019-03-05 00:16:46
8,2019-03-05 00:18:50
8,2019-03-05 03:15:15
7,2019-03-05 06:13:52
26,2019-03-05 09:12:26
30,2019-03-05 12:11:03
30,2019-03-05 15:09:39
24,2019-03-05 18:08:13
11,2019-03-05 21:06:49
8,2019-03-06 00:05:29
8,2019-03-06 03:04:02
6,2019-03-06 06:02:39
24,2019-03-06 09:01:14
31,2019-03-06 11:59:51
31,2019-03-06 14:58:24
26,2019-03-06 17:57:00
13,2019-03-06 20:55:39
10,2019-03-06 23:54:12
9,2019-03-07 02:52:49
8,2019-03-07 05:51:24
25,2019-03-07 08:49:59
32,2019-03-07 11:48:41
32,2019-03-07 11:50:45
32,2019-03-07 14:47:17
32,2019-03-07 14:49:21
26,2019-03-07 17:45:51
13,2019-03-07 20:44:23
12,2019-03-07 23:42:59
10,2019-03-08 02:41:36
11,2019-03-08 05:40:17
11,2019-03-08 05:42:20
25,2019-03-08 08:38:45
31,2019-03-08 11:37:28
31,2019-03-08 11:39:33
32,2019-03-08 14:36:00
28,2019-03-08 17:34:35
15,2019-03-08 20:33:10
14,2019-03-08 23:31:49
12,2019-03-09 02:30:23
15,2019-03-09 05:29:01
21,2019-03-09 08:27:40
21,2019-03-09 08:29:42
29,2019-03-09 11:26:08
32,2019-03-09 14:24:47
27,2019-03-09 17:23:20
15,2019-03-09 20:21:56
13,2019-03-09 23:20:32
13,2019-03-10 02:19:08
12,2019-03-10 05:17:46
23,2019-03-10 08:16:29
23,2019-03-10 08:18:33
31,2019-03-10 11:14:59
33,2019-03-10 14:13:31
30,2019-03-10 17:12:10
16,2019-03-10 20:10:43
19,2019-03-10 23:09:21
15,2019-03-11 02:07:55
11,2019-03-11 05:06:31
23,2019-03-11 08:05:16
23,2019-03-11 08:07:26
23,2019-03-11 08:12:28
28,2019-03-11 11:03:43
31,2019-03-11 14:02:26
28,2019-03-11 17:00:59
28,2019-03-11 17:03:04
13,2019-03-11 19:59:30
8,2019-03-11 22:58:06
8,2019-03-12 01:56:41
6,2019-03-12 04:55:19
17,2019-03-12 07:53:59
17,2019-03-12 07:56:07
17,2019-03-12 08:01:12
28,2019-03-12 10:52:29
32,2019-03-12 13:51:04
29,2019-03-12 16:49:43
16,2019-03-12 19:48:16
12,2019-03-12 22:46:54
18,2019-03-13 01:45:33
18,2019-03-13 01:47:38
19,2019-03-13 04:44:03
15,2019-03-13 07:42:43
15,2019-03-13 07:44:50
25,2019-03-13 10:41:14
30,2019-03-13 13:39:53
31,2019-03-13 16:38:27
16,2019-03-13 19:37:00
12,2019-03-13 22:35:38
9,2019-03-14 01:34:12
8,2019-03-14 04:32:47
12,2019-03-14 07:31:25
27,2019-03-14 10:30:03
31,2019-03-14 13:28:37
29,2019-03-14 16:27:14
16,2019-03-14 19:25:47
12,2019-03-14 22:24:30
12,2019-03-14 22:26:39
12,2019-03-14 22:31:52
10,2019-03-15 01:22:58
8,2019-03-15 04:21:33
11,2019-03-15 07:20:10
27,2019-03-15 10:18:50
27,2019-03-15 10:20:54
31,2019-03-15 13:17:20
32,2019-03-15 16:15:57
19,2019-03-15 19:14:34
15,2019-03-15 22:13:13
13,2019-03-16 01:11:45
17,2019-03-16 04:10:21
17,2019-03-16 07:08:56
30,2019-03-16 10:07:35
30,2019-03-16 10:09:40
34,2019-03-16 13:06:07
31,2019-03-16 16:04:47
21,2019-03-16 19:03:23
13,2019-03-16 22:01:54
11,2019-03-17 01:00:32
19,2019-03-17 03:59:12
19,2019-03-17 04:01:17
17,2019-03-17 06:58:03
17,2019-03-17 07:00:14
17,2019-03-17 07:05:09
29,2019-03-17 09:56:17
34,2019-03-17 12:54:54
34,2019-03-17 15:53:29
22,2019-03-17 18:52:10
22,2019-03-17 18:54:19
22,2019-03-17 18:59:29
12,2019-03-17 21:50:40
10,2019-03-18 00:49:20
9,2019-03-18 03:47:52
12,2019-03-18 06:46:28
34,2019-03-18 09:45:06
36,2019-03-18 12:43:44
36,2019-03-18 15:42:29
36,2019-03-18 15:44:42
36,2019-03-18 15:49:50
24,2019-03-18 18:40:49
15,2019-03-18 21:39:27
13,2019-03-19 00:38:02
11,2019-03-19 04:41:01
10,2019-03-19 06:35:21
10,2019-03-19 06:37:21
34,2019-03-19 09:33:50
40,2019-03-28 11:53:30
40,2019-03-28 11:58:38
40,2019-03-28 12:00:42
40,2019-03-28 12:01:48
42,2019-03-28 15:00:31
42,2019-03-28 15:02:33
36,2019-03-28 17:59:06
36,2019-03-28 18:01:17
36,2019-03-28 18:06:24
21,2019-03-28 20:57:36
17,2019-03-28 23:56:11
16,2019-03-29 02:56:52
14,2019-03-29 05:53:22
34,2019-03-29 08:51:59
42,2019-03-29 11:50:38
42,2019-03-29 11:52:43
44,2019-03-29 14:49:12
36,2019-03-29 17:47:47
22,2019-03-29 20:46:22
18,2019-03-29 23:44:53
18,2019-03-30 02:43:40
18,2019-03-30 02:45:40
15,2019-03-30 05:42:03
32,2019-03-30 08:40:48
38,2019-03-30 11:39:16
43,2019-03-30 14:38:00
37,2019-03-30 17:36:34
37,2019-03-30 17:38:46
37,2019-03-30 17:43:51
22,2019-03-30 20:35:09
22,2019-03-30 20:37:12
19,2019-03-30 23:33:39
17,2019-03-31 02:32:15
15,2019-03-31 05:30:57
15,2019-03-31 05:33:01
32,2019-03-31 08:29:40
32,2019-03-31 08:31:46
32,2019-03-31 08:37:17
42,2019-03-31 11:28:02
45,2019-03-31 14:26:39
39,2019-03-31 17:25:15
23,2019-03-31 20:23:50
18,2019-03-31 23:22:24
18,2019-04-01 02:21:03
15,2019-04-01 05:19:41
15,2019-04-01 05:21:45
29,2019-04-01 08:18:11
42,2019-04-01 11:16:47
44,2019-04-01 14:15:31
44,2019-04-01 14:17:37
40,2019-04-01 17:14:00
21,2019-04-01 20:12:36
16,2019-04-01 23:11:12
17,2019-04-02 02:09:48
15,2019-04-02 05:08:30
15,2019-04-02 05:10:37
31,2019-04-02 08:06:59
41,2019-04-02 11:05:44
41,2019-04-02 11:07:51
45,2019-04-02 14:04:12
39,2019-04-10 02:49:50
17,2019-04-10 05:48:26
34,2019-04-10 08:47:01
41,2019-04-10 11:45:36
42,2019-04-10 14:44:18
39,2019-04-10 17:42:49
26,2019-04-10 20:41:25
23,2019-04-10 23:39:59
21,2019-04-11 02:38:35
17,2019-04-11 05:37:11
34,2019-04-11 08:35:49
42,2019-04-11 11:34:31
42,2019-04-11 11:36:36
43,2019-04-11 14:32:57
40,2019-04-11 17:31:40
40,2019-04-11 17:33:47
25,2019-04-11 20:30:22
25,2019-04-11 20:32:18
22,2019-04-11 23:28:46
20,2019-04-12 02:27:20
22,2019-04-12 05:25:59
22,2019-04-12 05:28:04
32,2019-04-12 08:24:33
42,2019-04-12 11:23:05
45,2019-04-12 14:21:45
38,2019-05-03 11:42:52
38,2019-05-03 11:44:55
38,2019-05-03 11:46:21
42,2019-05-03 14:45:01
42,2019-05-03 14:47:15
42,2019-05-03 14:52:29
29,2019-06-19 08:33:16
29,2019-06-19 08:35:41
29,2019-06-19 08:40:44
34,2019-06-19 11:31:58
34,2019-06-19 11:34:00
34,2019-06-19 11:39:08
35,2019-06-19 14:30:34
35,2019-06-19 14:32:36
34,2019-06-19 17:29:05
34,2019-06-19 17:31:13
34,2019-06-19 17:36:19
27,2019-06-19 20:27:39
27,2019-06-19 20:29:48
25,2019-06-19 23:26:20
25,2019-06-19 23:28:26
25,2019-06-19 23:33:37
24,2019-06-20 02:24:54
24,2019-06-20 02:27:00
24,2019-06-20 02:32:06
24,2019-06-20 05:23:22
28,2019-06-20 08:41:54

SENSOR:,Battery Level,Volts
VALUE, TIMESTAMP
3.9,2019-02-14 18:43:08
3.9,2019-02-14 21:41:43
3.9,2019-02-15 00:40:21
3.9,2019-02-15 03:38:55
3.9,2019-02-15 06:37:30
3.9,2019-02-15 09:36:10
3.9,2019-02-15 12:34:44
3.9,2019-02-15 15:33:17
3.9,2019-02-15 18:31:53
3.9,2019-02-15 21:30:36
3.9,2019-02-16 00:29:05
3.9,2019-02-16 03:27:40
3.9,2019-02-16 06:26:15
3.9,2019-02-16 09:24:51
3.9,2019-02-16 12:23:31
3.9,2019-02-16 15:22:10
3.9,2019-02-16 18:20:45
3.9,2019-02-16 21:19:18
3.9,2019-02-17 00:17:50
3.9,2019-02-17 03:16:28
3.9,2019-02-17 06:15:11
3.9,2019-02-17 06:17:11
3.9,2019-02-17 12:12:13
3.9,2019-02-17 12:23:42
3.9,2019-02-17 15:10:49
3.9,2019-02-17 18:09:29
3.9,2019-02-17 21:08:07
3.9,2019-02-18 00:06:40
3.9,2019-02-18 03:05:21
3.9,2019-02-18 03:07:21
3.9,2019-02-18 06:03:47
3.9,2019-02-18 09:02:24
3.9,2019-02-18 12:00:58
3.9,2019-02-18 14:59:34
3.9,2019-02-18 17:58:10
3.9,2019-02-18 20:56:46
3.9,2019-02-18 23:55:25
3.9,2019-02-19 02:54:41
3.9,2019-02-19 05:52:40
3.9,2019-02-19 08:51:14
3.9,2019-02-19 11:49:45
3.9,2019-02-19 14:48:22
3.9,2019-02-19 17:47:01
3.9,2019-02-19 20:45:32
3.9,2019-02-19 23:44:08
3.9,2019-02-20 02:42:48
3.9,2019-02-20 05:41:20
3.9,2019-02-20 08:39:55
3.9,2019-02-20 11:38:34
3.9,2019-02-20 14:37:11
3.9,2019-02-20 17:35:43
3.9,2019-02-20 20:34:22
3.9,2019-02-20 23:32:53
3.9,2019-02-21 02:31:32
3.9,2019-02-21 05:30:13
3.9,2019-02-21 05:32:14
3.9,2019-02-21 08:28:41
3.9,2019-02-21 11:27:16
3.9,2019-02-21 14:26:13
3.9,2019-02-21 17:24:27
3.9,2019-02-21 20:23:03
3.9,2019-02-21 23:21:39
3.9,2019-02-22 02:20:14
3.9,2019-02-22 05:18:51
3.9,2019-02-22 08:17:25
3.9,2019-02-22 11:16:02
3.9,2019-02-22 14:14:38
3.9,2019-02-22 17:13:12
3.9,2019-02-22 20:11:49
3.9,2019-02-22 23:10:23
3.9,2019-02-23 02:08:59
3.9,2019-02-23 05:07:39
3.9,2019-02-23 08:06:10
3.9,2019-02-23 11:04:46
3.9,2019-02-23 14:03:21
3.9,2019-02-23 17:01:57
3.9,2019-02-23 20:00:33
3.9,2019-02-23 22:59:16
3.9,2019-02-24 01:57:51
3.9,2019-02-24 04:56:25
3.9,2019-02-24 07:54:55
3.9,2019-02-24 10:53:30
3.9,2019-02-24 13:52:07
3.9,2019-02-24 16:50:50
3.9,2019-02-24 19:49:17
3.9,2019-02-24 22:47:57
3.9,2019-02-25 01:46:29
3.9,2019-02-25 04:45:18
3.9,2019-02-25 04:47:17
3.9,2019-02-25 07:43:41
3.9,2019-02-25 10:42:27
3.9,2019-02-25 10:44:25
3.9,2019-02-25 13:40:52
3.9,2019-02-25 16:39:34
3.9,2019-02-25 19:38:02
3.9,2019-02-25 22:36:39
3.9,2019-02-26 01:35:16
3.9,2019-02-26 04:33:50
3.9,2019-02-26 07:32:30
3.9,2019-02-26 10:31:00
3.9,2019-02-26 13:29:40
3.9,2019-02-26 16:28:12
3.9,2019-02-26 19:26:48
3.9,2019-02-26 22:25:24
3.9,2019-02-27 01:24:00
3.9,2019-02-27 04:22:35
3.9,2019-02-27 07:21:10
3.9,2019-02-27 10:19:47
3.9,2019-02-27 13:18:29
3.9,2019-02-27 16:16:57
3.9,2019-02-27 19:15:33
3.9,2019-02-27 22:14:08
3.9,2019-02-28 01:12:44
3.9,2019-02-28 04:11:20
3.9,2019-02-28 07:09:56
3.9,2019-02-28 10:08:31
3.9,2019-02-28 13:07:06
3.9,2019-02-28 16:05:48
3.9,2019-02-28 19:04:39
3.9,2019-02-28 19:06:43
3.9,2019-02-28 22:02:57
3.9,2019-03-01 01:01:29
3.9,2019-03-01 04:00:15
3.9,2019-03-01 04:02:16
3.9,2019-03-01 06:58:41
3.9,2019-03-01 09:57:23
3.9,2019-03-01 12:55:53
3.9,2019-03-01 15:54:35
3.9,2019-03-01 18:53:05
3.9,2019-03-01 21:51:40
3.9,2019-03-02 00:50:22
3.9,2019-03-02 03:48:59
3.9,2019-03-02 06:47:29
3.9,2019-03-02 09:46:16
3.9,2019-03-02 09:48:15
3.9,2019-03-02 12:44:49
3.9,2019-03-02 12:46:49
3.9,2019-03-02 15:43:16
3.9,2019-03-02 18:41:52
3.9,2019-03-02 21:40:28
3.9,2019-03-03 00:39:03
3.9,2019-03-03 03:37:39
3.9,2019-03-03 06:36:26
3.9,2019-03-03 06:38:34
3.9,2019-03-03 06:43:33
3.9,2019-03-03 09:34:51
3.9,2019-03-03 12:33:30
3.9,2019-03-03 15:32:05
3.9,2019-03-03 18:30:38
3.9,2019-03-03 21:29:21
3.9,2019-03-04 00:27:49
3.9,2019-03-04 03:26:25
3.9,2019-03-04 12:22:21
3.9,2019-03-04 12:24:26
3.9,2019-03-04 15:20:52
3.9,2019-03-04 18:19:26
3.9,2019-03-04 21:18:04
3.9,2019-03-05 00:16:46
3.9,2019-03-05 00:18:50
3.9,2019-03-05 03:15:15
3.9,2019-03-05 06:13:52
3.9,2019-03-05 09:12:26
3.9,2019-03-05 12:11:03
3.9,2019-03-05 15:09:39
3.9,2019-03-05 18:08:13
3.9,2019-03-05 21:06:49
3.9,2019-03-06 00:05:29
3.9,2019-03-06 03:04:02
3.9,2019-03-06 06:02:39
3.9,2019-03-06 09:01:14
3.9,2019-03-06 11:59:51
3.9,2019-03-06 14:58:24
3.9,2019-03-06 17:57:00
3.9,2019-03-06 20:55:39
3.9,2019-03-06 23:54:12
3.9,2019-03-07 02:52:49
3.9,2019-03-07 05:51:24
3.9,2019-03-07 08:49:59
3.9,2019-03-07 11:48:41
3.9,2019-03-07 11:50:45
3.9,2019-03-07 14:47:17
3.9,2019-03-07 14:49:21
3.9,2019-03-07 17:45:51
3.9,2019-03-07 20:44:23
3.9,2019-03-07 23:42:59
3.9,2019-03-08 02:41:36
3.9,2019-03-08 05:40:17
3.9,2019-03-08 05:42:20
3.9,2019-03-08 08:38:45
3.9,2019-03-08 11:37:28
3.9,2019-03-08 11:39:33
3.9,2019-03-08 14:36:00
3.9,2019-03-08 17:34:35
3.9,2019-03-08 20:33:10
3.9,2019-03-08 23:31:49
3.9,2019-03-09 02:30:23
3.9,2019-03-09 05:29:01
3.9,2019-03-09 08:27:40
3.9,2019-03-09 08:29:42
3.9,2019-03-09 11:26:08
3.9,2019-03-09 14:24:47
3.9,2019-03-09 17:23:20
3.9,2019-03-09 20:21:56
3.9,2019-03-09 23:20:32
3.9,2019-03-10 02:19:08
3.9,2019-03-10 05:17:46
3.9,2019-03-10 08:16:29
3.9,2019-03-10 08:18:33
3.9,2019-03-10 11:14:59
3.9,2019-03-10 14:13:31
3.9,2019-03-10 17:12:10
3.9,2019-03-10 20:10:43
3.9,2019-03-10 23:09:21
3.9,2019-03-11 02:07:55
3.9,2019-03-11 05:06:31
3.9,2019-03-11 08:05:16
3.9,2019-03-11 08:07:26
3.9,2019-03-11 08:12:28
3.9,2019-03-11 11:03:43
3.9,2019-03-11 14:02:26
3.9,2019-03-11 17:00:59
3.9,2019-03-11 17:03:04
3.9,2019-03-11 19:59:30
3.9,2019-03-11 22:58:06
3.9,2019-03-12 01:56:41
3.9,2019-03-12 04:55:19
3.9,2019-03-12 07:53:59
3.9,2019-03-12 07:56:07
3.9,2019-03-12 08:01:12
3.9,2019-03-12 10:52:29
3.9,2019-03-12 13:51:04
3.9,2019-03-12 16:49:43
3.9,2019-03-12 19:48:16
3.9,2019-03-12 22:46:54
3.9,2019-03-13 01:45:33
3.9,2019-03-13 01:47:38
3.9,2019-03-13 04:44:03
3.9,2019-03-13 07:42:43
3.9,2019-03-13 07:44:50
3.9,2019-03-13 10:41:14
3.9,2019-03-13 13:39:53
3.9,2019-03-13 16:38:27
3.9,2019-03-13 19:37:00
3.9,2019-03-13 22:35:38
3.9,2019-03-14 01:34:12
4,2019-03-14 04:32:47
3.9,2019-03-14 07:31:25
3.9,2019-03-14 10:30:03
3.9,2019-03-14 13:28:37
3.9,2019-03-14 16:27:14
3.9,2019-03-14 19:25:47
3.9,2019-03-14 22:24:30
3.9,2019-03-14 22:26:39
3.9,2019-03-14 22:31:52
3.9,2019-03-15 01:22:58
3.9,2019-03-15 04:21:33
3.9,2019-03-15 07:20:10
3.9,2019-03-15 10:18:50
3.9,2019-03-15 10:20:54
3.9,2019-03-15 13:17:20
3.9,2019-03-15 16:15:57
3.9,2019-03-15 19:14:34
3.9,2019-03-15 22:13:13
3.9,2019-03-16 01:11:45
3.9,2019-03-16 04:10:21
3.9,2019-03-16 07:08:56
3.9,2019-03-16 10:07:35
3.9,2019-03-16 10:09:40
3.9,2019-03-16 13:06:07
3.9,2019-03-16 16:04:47
3.9,2019-03-16 19:03:23
3.9,2019-03-16 22:01:54
3.9,2019-03-17 01:00:32
3.9,2019-03-17 03:59:12
3.9,2019-03-17 04:01:17
3.9,2019-03-17 06:58:03
3.9,2019-03-17 07:00:14
3.9,2019-03-17 07:05:09
3.9,2019-03-17 09:56:17
3.9,2019-03-17 12:54:54
3.9,2019-03-17 15:53:29
3.9,2019-03-17 18:52:10
3.9,2019-03-17 18:54:19
3.9,2019-03-17 18:59:29
3.9,2019-03-17 21:50:40
3.9,2019-03-18 00:49:20
3.9,2019-03-18 03:47:52
3.9,2019-03-18 06:46:28
3.9,2019-03-18 09:45:06
3.9,2019-03-18 12:43:44
3.9,2019-03-18 15:42:29
3.9,2019-03-18 15:44:42
3.9,2019-03-18 15:49:50
3.9,2019-03-18 18:40:49
3.9,2019-03-18 21:39:27
3.9,2019-03-19 00:38:02
3.9,2019-03-19 04:41:01
3.9,2019-03-19 06:35:21
3.9,2019-03-19 06:37:21
3.9,2019-03-19 09:33:50
3.7,2019-03-28 11:53:30
3.7,2019-03-28 11:58:38
3.7,2019-03-28 12:00:42
3.7,2019-03-28 12:01:48
3.9,2019-03-28 15:00:31
3.9,2019-03-28 15:02:33
3.9,2019-03-28 17:59:06
3.9,2019-03-28 18:01:17
3.9,2019-03-28 18:06:24
3.9,2019-03-28 20:57:36
3.9,2019-03-28 23:56:11
3.9,2019-03-29 02:56:52
3.8,2019-03-29 05:53:22
3.9,2019-03-29 08:51:59
3.9,2019-03-29 11:50:38
3.9,2019-03-29 11:52:43
3.9,2019-03-29 14:49:12
3.9,2019-03-29 17:47:47
3.9,2019-03-29 20:46:22
3.9,2019-03-29 23:44:53
3.9,2019-03-30 02:43:40
3.9,2019-03-30 02:45:40
3.9,2019-03-30 05:42:03
3.9,2019-03-30 08:40:48
3.9,2019-03-30 11:39:16
3.9,2019-03-30 14:38:00
3.9,2019-03-30 17:36:34
3.9,2019-03-30 17:38:46
3.9,2019-03-30 17:43:51
3.9,2019-03-30 20:35:09
3.9,2019-03-30 20:37:12
3.9,2019-03-30 23:33:39
3.9,2019-03-31 02:32:15
3.9,2019-03-31 05:30:57
3.9,2019-03-31 05:33:01
3.9,2019-03-31 08:29:40
3.9,2019-03-31 08:31:46
3.9,2019-03-31 08:37:17
3.9,2019-03-31 11:28:02
3.9,2019-03-31 14:26:39
3.9,2019-03-31 17:25:15
3.9,2019-03-31 20:23:50
3.9,2019-03-31 23:22:24
3.9,2019-04-01 02:21:03
3.9,2019-04-01 05:19:41
3.9,2019-04-01 05:21:45
3.9,2019-04-01 08:18:11
3.9,2019-04-01 11:16:47
3.9,2019-04-01 14:15:31
3.9,2019-04-01 14:17:37
3.9,2019-04-01 17:14:00
3.9,2019-04-01 20:12:36
3.9,2019-04-01 23:11:12
3.9,2019-04-02 02:09:48
3.9,2019-04-02 05:08:30
3.9,2019-04-02 05:10:37
3.9,2019-04-02 08:06:59
3.9,2019-04-02 11:05:44
3.9,2019-04-02 11:07:51
3.9,2019-04-02 14:04:12
3.9,2019-04-10 02:49:50
3.5,2019-04-10 05:48:26
3.6,2019-04-10 08:47:01
3.9,2019-04-10 11:45:36
3.9,2019-04-10 14:44:18
3.9,2019-04-10 17:42:49
3.9,2019-04-10 20:41:25
3.9,2019-04-10 23:39:59
3.9,2019-04-11 02:38:35
3.9,2019-04-11 05:37:11
3.9,2019-04-11 08:35:49
3.9,2019-04-11 11:34:31
3.9,2019-04-11 11:36:36
3.9,2019-04-11 14:32:57
3.9,2019-04-11 17:31:40
3.9,2019-04-11 17:33:47
3.9,2019-04-11 20:30:22
3.9,2019-04-11 20:32:18
3.9,2019-04-11 23:28:46
3.9,2019-04-12 02:27:20
3.9,2019-04-12 05:25:59
3.9,2019-04-12 05:28:04
3.9,2019-04-12 08:24:33
3.9,2019-04-12 11:23:05
3.9,2019-04-12 14:21:45
3.6,2019-05-03 11:42:52
3.6,2019-05-03 11:44:55
3.7,2019-05-03 11:46:21
3.9,2019-05-03 14:45:01
3.9,2019-05-03 14:47:15
3.9,2019-05-03 14:52:29
3.2,2019-06-19 08:33:16
3.2,2019-06-19 08:35:41
3.2,2019-06-19 08:40:44
3.5,2019-06-19 11:31:58
3.5,2019-06-19 11:34:00
3.5,2019-06-19 11:39:08
3.7,2019-06-19 14:30:34
3.7,2019-06-19 14:32:36
3.8,2019-06-19 17:29:05
3.8,2019-06-19 17:31:13
3.8,2019-06-19 17:36:19
3.8,2019-06-19 20:27:39
3.8,2019-06-19 20:29:48
3.8,2019-06-19 23:26:20
3.8,2019-06-19 23:28:26
3.8,2019-06-19 23:33:37
3.8,2019-06-20 02:24:54
3.8,2019-06-20 02:27:00
3.8,2019-06-20 02:32:06
3.8,2019-06-20 05:23:22
3.9,2019-06-20 08:41:54

